0	http://admjournal.luguniv.edu.ua/index.php/index/	http://admjournal.luguniv.edu.ua/index.php/adm
1	http://aging-longevity.org.ua/index.php/index/	http://aging-longevity.org.ua/index.php/journal-description
2	http://agrarian-innovations.izpr.ks.ua/index.php/index/	http://agrarian-innovations.izpr.ks.ua/index.php/agrarian
3	http://altis-ism.org.ua/index.php/index/	http://altis-ism.org.ua/index.php/ALTIS
4	http://apdp.onua.edu.ua/index.php/index/	http://apdp.onua.edu.ua/index.php/apdp
5	http://apir.iir.edu.ua/index.php/index/	http://apir.iir.edu.ua/index.php/apmv
6	http://ap.kh.ua/index.php/index/	NA
7	http://applaw.net/index.php/index/	http://applaw.net/index.php/journal
8	http://app.onua.edu.ua/index.php/index/	http://app.onua.edu.ua/index.php/app
9	http://app.snu.edu.ua/index.php/index/	http://app.snu.edu.ua/index.php/index/
10	http://apspp.soc.univ.kiev.ua/index.php/index/	http://apspp.soc.univ.kiev.ua/index.php/index/
11	http://artedu.com.ua/index.php/index/	http://artedu.com.ua/index.php/index/
12	http://art-platforma.kmaecm.edu.ua/index.php/index/	http://art-platforma.kmaecm.edu.ua/index.php/art1
13	http://au.archives.gov.ua/index.php/index/	http://au.archives.gov.ua/index.php/au
14	http://bioresurs.ck.ua/journal/index.php/index/	NA
15	http://bmj.fmi.org.ua/index.php/index/	http://bmj.fmi.org.ua/index.php/adm
16	http://chascyvil.onua.edu.ua/index.php/index/	http://chascyvil.onua.edu.ua/index.php/chc
17	http://chernvisn.onua.edu.ua/index.php/index/	http://chernvisn.onua.edu.ua/index.php/chern
18	http://cit-journal.com.ua/index.php/index/	http://cit-journal.com.ua/index.php/cit
19	http://con.dut.edu.ua/index.php/index/	http://con.dut.edu.ua/index.php/communication
20	http://cphj.nuph.edu.ua/	http://cphj.nuph.edu.ua/
21	http://cp-medical.com/index.php/index/	http://cp-medical.com/index.php/journal
22	http://cryo.org.ua/journal/index.php/index/	http://cryo.org.ua/journal/index.php/probl-cryobiol-cryomed
23	http://csitjournal.khmnu.edu.ua/index.php/index/	http://csitjournal.khmnu.edu.ua/index.php/csit
24	http://db.kh.ua/index.php/index/	NA
25	http://df.duit.edu.ua/index.php/index/	https://df.duit.in.ua/index.php/dictum
26	http://ebzr.nung.edu.ua/index.php/index/	https://ebzr.nung.edu.ua/index.php/ebzr
27	http://econom.chnu.edu.ua/journal/index.php/index/	http://econom.chnu.edu.ua/journal/index.php/ecovis
28	http://economiclaw.kiev.ua/index.php/index/	http://economiclaw.kiev.ua/index.php/economiclaw
29	http://e-conomics.hpi.kh.ua/index.php/index/	http://e-conomics.hpi.kh.ua/index.php/journal
30	http://educationalchallenges.org.ua/index.php/index/	http://educationalchallenges.org.ua/index.php/education_challenges
31	http://ee.zntu.edu.ua/	http://ee.zntu.edu.ua/
32	http://e-forum.lntu.edu.ua/index.php/index/	http://e-forum.lntu.edu.ua/index.php/ekonomichnyy_forum
33	http://ehs.eeipsy.org/index.php/index/	http://ehs.eeipsy.org/index.php/ehs
34	http://ei-journal.com/index.php/index/	http://ei-journal.com/index.php/journal
35	http://ei-journal.in.ua/index.php/index/	http://ei-journal.in.ua/index.php/journal
36	http://enm.khntusg.com.ua/index.php/index/	http://enm.khntusg.com.ua/index.php/enm
37	http://entomology.kharkiv.ua/index.php/index/	http://entomology.kharkiv.ua/index.php/KhESG
38	http://e-region.lutsk-ntu.com.ua/index.php/index/	http://e-region.lutsk-ntu.com.ua/index.php/ekonomichni_nauky
39	http://eung.nung.edu.ua/index.php/index/	https://eung.nung.edu.ua/index.php/ecom
40	http://family-medicine.com.ua/	http://family-medicine.com.ua/
41	http://fasu.nltu.edu.ua/index.php/index/	http://fasu.nltu.edu.ua/index.php/nplanu
42	http://filos.dspu.in.ua/index.php/index/	http://filos.dspu.in.ua/index.php/filos
43	http://fire-journal.ck.ua/index.php/index/	http://fire-journal.ck.ua/index.php/fire
44	http://geochnu.top/index.php/index/	http://geochnu.top/index.php/climat_geology
45	http://hait.ccs.od.ua/index.php/index/	http://hait.ccs.od.ua/index.php/journal
46	http://health-man.com.ua/	http://health-man.com.ua/
47	http://ihe.nas.gov.ua/index.php/index/	http://ihe.nas.gov.ua/index.php/journal
48	http://inneco.org/index.php/index/	http://inneco.org/index.php/innecoua
49	http://intelekt.studioweb.com.ua/index.php/index/	http://intelekt.studioweb.com.ua/index.php/index/
50	http://international-relations.knukim.edu.ua/	http://international-relations.knukim.edu.ua/
51	http://iprjournal.kyiv.ua/index.php/index/	https://iprjournal.kyiv.ua/index.php/pr
52	http://jcees.endocenter.kiev.ua/index.php/index/	http://jcees.endocenter.kiev.ua/index.php/index/
53	http://journal.ak-gin.org/index.php/index/	http://journal.ak-gin.org/index.php/mspf
54	http://journal.dnmu.ru/index.php/index/	http://journal.dnmu.ru/index.php/index/
55	http://journal-ems.com/index.php/index/	https://journal-ems.com/index.php/emsj
56	http://journal.ifaiz.edu.ua/index.php/index/	http://journal.ifaiz.edu.ua/index.php/gp
57	http://journal.iozdp.org.ua/index.php/index/	http://journal.iozdp.org.ua/index.php/ua
58	http://journal.org.ua/index.php/index/	http://journal.org.ua/index.php/ntn
59	http://journals.chem-bio.com.ua/index.php/index/	http://journals.chem-bio.com.ua/index.php/biology
60	http://journals.dut.edu.ua/index.php/index/	http://journals.dut.edu.ua/index.php/index/
61	http://journals.hnpu.edu.ua/index.php/index/	http://journals.hnpu.edu.ua/index.php/index/
62	http://journals.iir.kiev.ua/index.php/index/	http://journals.iir.kiev.ua/index.php/index/
63	http://journals.kntu.net.ua/index.php/index/	http://journals.kntu.net.ua/index.php/index/
64	http://journals-lute.lviv.ua/index.php/index/	http://journals-lute.lviv.ua/index.php/index/
65	http://journals.maup.com.ua/index.php/index/	http://journals.maup.com.ua/index.php/index/
66	http://journals.nubip.edu.ua/index.php/index/	http://journals.nubip.edu.ua/index.php/index/
67	http://journals.nupp.edu.ua/index/	http://journals.nupp.edu.ua/index/
68	http://journalsofznu.zp.ua/index.php/index/	http://journalsofznu.zp.ua/index.php/index/
69	http://journal.sops.gov.ua/index.php/index/	http://journal.sops.gov.ua/index.php/index/
70	http://journals.uran.ua/tarp/	http://journals.uran.ua/tarp/
71	http://jpaic.aaukr.org/index.php/index/	http://jpaic.aaukr.org/index.php/index/
72	http://jpl.donnu.edu.ua/	https://jpl.donnu.edu.ua/index
73	http://juridica.od.ua/index.php/index/	http://juridica.od.ua/index.php/juridica
74	http://ka.ukma.edu.ua/index.php/index/	http://ka.ukma.edu.ua/index.php/index/
75	http://kr.ipp.gov.ua/index.php/index/	http://kr.ipp.gov.ua/index.php/journal
76	http://lkp.ndu.edu.ua/index.php/index/	http://lkp.ndu.edu.ua/index.php/index/
77	http://magarach-journal.ru/index.php/index/	http://magarach-journal.ru/index.php/magarach
78	http://masters.kubg.edu.ua/index.php/index/	http://masters.kubg.edu.ua/index.php/index/
79	http://matstud.org.ua/ojs/index.php/index/	http://matstud.org.ua/ojs/index.php/matstud
80	http://mcm-tech.kpnu.edu.ua/index.php/index/	http://mcm-tech.kpnu.edu.ua/index.php/index/
81	http://mej.od.ua/index.php/index/	http://mej.od.ua/index.php/mej
82	http://mics.org.ua/journal/index.php/index/	http://mics.org.ua/journal/index.php/mics
83	http://mivg.iwpim.com.ua/index.php/index/	http://mivg.iwpim.com.ua/index.php/mivg
84	http://mmj.nmuofficial.com/index.php/index/	http://mmj.nmuofficial.com/index.php/journal
85	http://mse.dnu.dp.ua:8000/index.php/index/	http://mse.dnu.dp.ua:8000/index.php/medjournal
86	http://mtom.pgasa.dp.ua/	http://mtom.pgasa.dp.ua/
87	http://multiversum.com.ua/index.php/index/	http://multiversum.com.ua/index.php/journal
88	http://nauka-i-studia.info/ojs/index.php/index/	http://nauka-i-studia.info/ojs/index.php/index/
89	http://nge.nung.edu.ua/index.php/index/	https://nge.nung.edu.ua/index.php/nge
90	http://npd.roippo.org.ua/index.php/index/	http://npd.roippo.org.ua/index.php/NPD
91	http://nphj.nuph.edu.ua/	http://nphj.nuph.edu.ua/
92	http://npnuola.onua.edu.ua/index.php/index/	http://npnuola.onua.edu.ua/index.php/1234
93	http://nti.khai.edu/ojs/index.php/index/	http://nti.khai.edu/ojs/index.php/index/
94	http://ojs.akademperiodyka.org.ua/index.php/index/	http://ojs.akademperiodyka.org.ua/index.php/Zoodiversity
95	http://ojs.dsau.dp.ua/index.php/index/	http://ojs.dsau.dp.ua/index.php/index/
96	http://ojs.econindustry.org/index.php/index/	http://ojs.econindustry.org/index.php/ep
97	http://ojs.ifnmu.edu.ua/index.php/index/	https://ifnmujournal.com/index.php/index/
98	http://ojs.kgpa.km.ua/index.php/index/	http://ojs.kgpa.km.ua/index.php/peddiscourse
99	http://ojs.nusta.edu.ua/index.php/index/	NA
100	http://ojs.tdmu.edu.ua/index.php/index/	https://ojs.tdmu.edu.ua/index.php/index/
101	http://olj.onua.edu.ua/index.php/index/	http://olj.onua.edu.ua/index.php/olj
102	http://ophcj.nuph.edu.ua/	http://ophcj.nuph.edu.ua/
103	http://orgpsy-journal.in.ua/index.php/index/	http://orgpsy-journal.in.ua/index.php/opep
104	http://osvita.eeipsy.org/index.php/index/	http://osvita.eeipsy.org/index.php/eeip
105	http://pedalmanac.site/index.php/index/	http://pedalmanac.site/index.php/main
106	http://peridica.nadpsu.edu.ua/index.php/index/	NA
107	http://perspectives.pp.ua/index.php/index/	http://perspectives.pp.ua/index.php/np
108	http://philolvisnyk.onu.edu.ua/index.php/index/	http://philolvisnyk.onu.edu.ua/index.php/index/
109	http://philol-visnyk.uzhnu.uz.ua/index.php/index/	https://philol-zbirnyk.uzhnu.uz.ua/index.php/philol
110	http://plaw.nlu.edu.ua/	http://plaw.nlu.edu.ua/
111	http://prostir.pdaba.dp.ua/index.php/index/	http://prostir.pdaba.dp.ua/index.php/journal
112	http://pti.org.ua/index.php/index/	https://pti.org.ua/index.php/ndipzir
113	http://publications.lnu.edu.ua/journals/index.php/index/	http://publications.lnu.edu.ua/journals/index.php/index/
114	http://pvntsh.nung.edu.ua/index.php/index/	https://pvntsh.nung.edu.ua/index.php/index/
115	http://pytlit.chnu.edu.ua/	http://pytlit.chnu.edu.ua/
116	http://pyuv.onua.edu.ua/index.php/index/	http://pyuv.onua.edu.ua/index.php/pyuv
117	http://radap.kpi.ua/index/	http://radap.kpi.ua/radiotechnique
118	http://reflections.e-aaa.info/	http://reflections.e-aaa.info/
119	http://religio.org.ua/index.php/index/	http://religio.org.ua/index.php/religio
120	http://reproduct-endo.com/	http://reproduct-endo.com/
121	http://rpra-journal.org.ua/index.php/index/	http://rpra-journal.org.ua/index.php/ra
122	http://rt.nure.ua/	http://rt.nure.ua/
123	https://adiu.com.ua/index.php/index/	https://adiu.com.ua/index.php/journal
124	https://agrisp.com/index.php/index/	https://agrisp.com/index.php/agrisp
125	https://agrovisnyk.com/index.php/index/	https://agrovisnyk.com/index.php/agrovisnyk
126	https://ahpsxxi.org/index.php/index/	https://ahpsxxi.org/index.php/journal
127	https://amljournal.com/index.php/index/	https://amljournal.com/index.php/journal
128	https://amtp.org.ua/index.php/index/	https://amtp.org.ua/index.php/index/
129	https://anglistika.dp.ua/index.php/index/	https://anglistika.dp.ua/index.php/AA
130	https://apiph.eenu.edu.ua/index.php/index/	https://apiph.vnu.edu.ua/index.php/apiph
131	https://apn.org.ua/index.php/index/	https://apn.org.ua/index.php/journal
132	https://apultp.knu.ua/index.php/index/	https://apultp.knu.ua/index.php/APULTP
133	https://archive.american-issue.info/index.php/index/	https://archive.american-issue.info/index.php/index/
134	https://archive-criminology.com.ua/index.php/index/	https://archive-criminology.com.ua/index.php/journal
135	https://are-journal.com/index.php/index/	https://are-journal.com/are
136	https://arheologia.com.ua/index.php/index/	https://arheologia.com.ua/index.php/arheologia
137	https://arteducation.pro/index.php/index/	https://arteducation.pro/index.php/index/
138	https://art-of-medicine.ifnmu.edu.ua/index.php/index/	https://art-of-medicine.ifnmu.edu.ua/index.php/aom
139	https://art-space.kubg.edu.ua/index.php/index/	NA
140	https://biosystems-journal.chnu.edu.ua/index.php/index/	https://biosystems-journal.chnu.edu.ua/index.php/BioSystems
141	https://biovestnik.com/index.php/index/	https://biovestnik.com/index.php/index/
142	https://bphm.knu.ua/index.php/index/	https://bphm.knu.ua/index.php/bphm
143	https://bpsy.knu.ua/index.php/index/	https://bpsy.knu.ua/index.php/psychology
144	https://bud.nuwm.edu.ua/index.php/index/	https://bud.nuwm.edu.ua/index.php/index/
145	https://bulletin-biosafety.com/index.php/index/	https://bulletin-biosafety.com/index.php/journal
146	https://camm-journal.com/index.php/index/	https://camm-journal.com/index.php/journal
147	https://cct.dp.ua/index.php/index/	https://cct.dp.ua/index.php/journal
148	https://ceramic-journal.org.ua/index.php/index/	https://ceramic-journal.org.ua/index.php/csl
149	https://chasprava.com.ua/index.php/index/	https://chasprava.com.ua/index.php/journal
150	https://computingonline.net/index/	https://computingonline.net/computing
151	https://conf.artka.ck.ua/index/	https://conf.artka.ck.ua/art
152	https://cpts.com.ua/index.php/index/	https://cpts.com.ua/index.php/cpts
153	https://csecurity.kubg.edu.ua/index.php/index/	NA
154	https://cse-journal.com/index.php/index/	NA
155	https://dental-almanac.org/index.php/index/	https://dental-almanac.org/index.php/journal
156	https://dndivsovt.com/index.php/index/	https://dndivsovt.com/index.php/journal
157	https://dumka.philosophy.ua/index.php/index/	https://dumka.philosophy.ua/index.php/fd
158	https://echas.vnu.edu.ua/index.php/index/	https://echas.vnu.edu.ua/index.php/echas
159	https://ecobio.nau.edu.ua/index.php/index/	https://jrnl.nau.edu.ua/index.php/index
160	https://ecology.dp.ua/index.php/index/	https://ecology.dp.ua/index.php/ECO
161	https://ecomed-journal.org/index.php/index/	https://ecomed-journal.org/index.php/journal
162	https://economic-bulletin.com/index.php/index/	https://economic-bulletin.com/index.php/journal
163	https://economyandsociety.in.ua/index.php/index/	https://economyandsociety.in.ua/index.php/journal
164	https://edreview.kubg.edu.ua/index.php/index/	NA
165	https://eejpl.vnu.edu.ua/index.php/index/	https://eejpl.vnu.edu.ua/index.php/eejpl
166	https://ees-journal.com/index.php/index/	https://ees-journal.com/index.php/journal
167	https://eforum.lntu.edu.ua/index.php/index/	https://eforum.lntu.edu.ua/index.php/index/
168	https://ejournal.cdu.edu.ua/index/	https://ejournal.cdu.edu.ua/index/
169	https://ejss.nuczu.edu.ua/index.php/index/	https://ejss.nuczu.edu.ua/index.php/index/
170	http://semantics.knu.ua/index.php/index/	http://semantics.knu.ua/index.php/prblmsemantics
171	https://endokrynologia.com.ua/index.php/index/	https://endokrynologia.com.ua/index.php/journal
172	https://en.dp.ua/index.php/index/	https://en.dp.ua/index.php/en
173	https://enj.org.ua/index.php/index/	https://enj.org.ua/index.php/journal
174	https://etars-journal.org/index.php/index/	https://etars-journal.org/index.php/journal
175	https://eumj.med.sumdu.edu.ua/index.php/index/	https://eumj.med.sumdu.edu.ua/index.php/journal
176	https://farplss.org/index.php/index/	https://farplss.org/index.php/journal
177	https://fip.dp.ua/index.php/index/	https://fip.dp.ua/index.php/FIP
178	https://fkd.ubs.edu.ua/index.php/index/	https://fkd.ubs.edu.ua/index.php/index/
179	https://forestry-forestmelioration.org.ua/index.php/index/	https://forestry-forestmelioration.org.ua/index.php/journal
180	https://fri-journal.com/index.php/index/	https://fri-journal.com/index.php/journal
181	https://geology-dnu.dp.ua/index.php/index/	https://geology-dnu.dp.ua/index.php/GG
182	https://grani.org.ua/index.php/index/	https://grani.org.ua/index.php/journal
183	https://grani-print.dp.ua/index.php/index/	https://grani-print.dp.ua/index.php/home
184	https://health.nuwm.edu.ua/index.php/index/	https://health.nuwm.edu.ua/index.php/rehabilitation
185	https://herald.kibit.edu.ua/index.php/index/	https://herald.kibit.edu.ua/index.php/visnyk
186	https://hirurgiya.com.ua/index.php/index/	https://hirurgiya.com.ua/index.php/journal
187	https://hj.chnu.edu.ua/index.php/index/	https://hj.chnu.edu.ua/index.php/hj
188	https://hsr-journal.com/index.php/index/	https://hsr-journal.com/index.php/journal
189	https://humanitarium.com.ua/index.php/index/	https://humanitarium.com.ua/index.php/hum
190	https://il-journal.com/index.php/index/	https://il-journal.com/index.php/journal
191	https://immunology.org.ua/index.php/index/	https://immunology.org.ua/index.php/journal
192	https://infusion-chemotherapy.com/index.php/index/	https://infusion-chemotherapy.com/index.php/journal
193	https://instzak.com/index.php/index/	https://instzak.com/index.php/journal
194	https://intcom.kubg.edu.ua/index.php/index/	NA
195	https://inter.knmu.edu.ua/	NA
196	https://istznu.org/index.php/index/	NA
197	https://itce.vntu.edu.ua/index.php/index/	NA
198	https://itconfdoc.nuwm.edu.ua/index.php/index/	NA
199	https://jems.sciview.net/index.php/index/	NA
200	https://journalbio.vnu.edu.ua/index.php/index/	NA
201	https://journal.chnpu.edu.ua/index.php/index/	NA
202	https://journal.cndiovt.com.ua/	NA
203	https://journal.eae.com.ua/index.php/index/	NA
204	https://journal-hnups.com.ua/index.php/index/	NA
205	https://journal.iitta.gov.ua/index.php/index/	NA
206	https://journal.ivinas.gov.ua/index/	NA
207	https://journal.kdpu.edu.ua/index/	NA
208	https://journal.khnnra.edu.ua/index.php/index/	NA
209	https://journal.ldubgd.edu.ua/index.php/index/	NA
210	https://journal.lduvs.lg.ua/index.php/index/	NA
211	https://journal-nam.com.ua/index.php/index/	NA
212	https://journal-nndipbop.com/index.php/index/	NA
213	https://journals.chnu.edu.ua/index.php/index/	NA
214	https://journals.donnu.edu.ua/	NA
215	https://journals.khnu.km.ua/index.php/index/	NA
216	https://journals.oa.edu.ua/index/	NA
217	https://journals.onaft.edu.ua/index.php/index/	NA
218	https://jrnl.knutd.edu.ua/index.php/index/	NA
219	https://jsdtl.sciview.net/index.php/index/	NA
220	https://khrife-journal.org/index.php/index/	NA
221	https://lbku.krok.edu.ua/index/	NA
222	https://liksprava.com/index.php/index/	NA
223	https://lingvostud.vnu.edu.ua/index.php/index/	NA
224	https://litp.kubg.edu.ua/index.php/index/	NA
225	https://ltmjournal.com/index/	NA
226	https://management-journal.org.ua/index.php/index/	NA
227	https://medlaw-journal.com/index.php/index/	NA
228	https://mhpi.chnu.edu.ua/index.php/index/	NA
229	https://mi-dnu.dp.ua/index.php/index/	NA
230	https://miljournals.knu.ua/index.php/index/	NA
231	https://mmejournal.in.ua/index.php/index/	NA
232	https://momi-journal.org/index.php/index/	NA
233	https://morphology-journal.com/index.php/index/	NA
234	https://mpky.nung.edu.ua/index.php/index/	NA
235	https://mru-journal.com.ua/index.php/index/	NA
236	https://mspsss.org.ua/index.php/index/	NA
237	https://msu-journal.com/index.php/index/	NA
238	https://music-art-and-culture.com/index.php/index/	NA
239	https://naftogazscience.com/index/	NA
240	https://naoma-science.kiev.ua/index.php/index/	NA
241	https://neuroscience.com.ua/index.php/index/	NA
242	https://new.comteka.com.ua/index.php/index/	NA
243	https://niss-panorama.com/index.php/index/	NA
244	https://nuclear-journal.com/index.php/index/	NA
245	https://numismatic-journal.com/index.php/index/	NA
246	https://nvlvet.com.ua/index.php/index/	NA
247	https://nv.nltu.edu.ua/index.php/index/	NA
248	https://nv.nung.edu.ua/index.php/index/	NA
249	http://soclaw.com.ua/index.php/index/	NA
250	https://od.kubg.edu.ua/index.php/index/	NA
251	https://oeipt.vntu.edu.ua/index.php/index/	NA
252	https://ojs.htek.com.ua/index.php/index/	https://ojs.htek.com.ua/index.php/htek
253	https://ojs.ipv.org.ua/index.php/index/	https://ojs.ipv.org.ua/index.php/zbirnyk
254	https://ojs.ukrlogos.in.ua/index.php/index/	https://ojs.ukrlogos.in.ua/index.php/index/
255	https://openedu.kubg.edu.ua/journal/index.php/index/	NA
256	https://osvitologia.kubg.edu.ua/index.php/index/	NA
257	https://paperssds.eu/index.php/index/	https://paperssds.eu/index.php/JSPSDS
258	https://pard.mk.ua/index.php/index/	https://pard.mk.ua/index.php/journal
259	https://pednauk.cuspu.edu.ua/index.php/index/	https://pednauk.cuspu.edu.ua/index.php/pednauk
260	https://pedosvita.kubg.edu.ua/index.php/index/	NA
261	https://pharmj.org.ua/index.php/index/	https://pharmj.org.ua/index.php/journal
262	https://phgg.knu.ua/index.php/index/	https://phgg.knu.ua/index.php/PhGG
263	http://sphhcj.nuph.edu.ua/	http://sphhcj.nuph.edu.ua/
264	https://philosopheducation.com/index.php/index/	https://philosopheducation.com/index.php/philed
265	https://plr.com.ua/index.php/index/	https://plr.com.ua/index.php/journal
266	https://pommk.dp.ua/index.php/index/	https://pommk.dp.ua/index.php/journal
267	https://praci.vntu.edu.ua/index.php/index/	https://praci.vntu.edu.ua/index.php/praci
268	https://pravo.cuspu.edu.ua/index.php/index/	https://pravo.cuspu.edu.ua/index.php/pravo
269	https://psycholing-conference.com/index.php/index/	https://psycholing-conference.com/index.php/conference
270	https://psychoprospects.vnu.edu.ua/index.php/index/	https://psychoprospects.vnu.edu.ua/index.php/psychoprospects
271	https://publicadministration-knu.org/index.php/index/	https://publicadministration-knu.org/index.php/journal
272	https://publishing.socionic.info/index.php/index/	https://publishing.socionic.info/index.php/index/
273	https://refractories-journal-ua.com/index.php/index/	https://refractories-journal-ua.com/index.php/journal
274	https://relint.vnu.edu.ua/index.php/index/	https://relint.vnu.edu.ua/index.php/relint
275	https://reports-vnmedical.com.ua/index.php/index/	https://reports-vnmedical.com.ua/index.php/journal
276	https://rrngr.nung.edu.ua/index.php/index/	NA
277	https://rsglobal.pl/index.php/index/	NA
278	https://scivp-journal.com.ua/index.php/index/	https://scivp-journal.com.ua/index.php/journal
279	https://sdc-journal.com/index.php/index/	https://sdc-journal.com/index.php/journal
280	https://sententiae.vntu.edu.ua/index.php/index/	https://sententiae.vntu.edu.ua/index.php/sententiae
281	https://september.moippo.mk.ua/index.php/index/	https://september.moippo.mk.ua/index.php/sept
282	https://sjnpu.com.ua/index.php/index/	https://sjnpu.com.ua/index.php/journal
283	https://sj.npu.edu.ua/index.php/index/	https://sj.npu.edu.ua/index.php/index/
284	https://smic.in.ua/index.php/index/	https://smic.in.ua/index.php/journal
285	https://snaubulletin.com.ua/index.php/index/	https://snaubulletin.com.ua/index.php/index/
286	https://snku.krok.edu.ua/index/	https://snku.krok.edu.ua/vcheni-zapiski-universitetu-krok
287	https://socialcaleidoscope.org.ua/index.php/index/	https://socialcaleidoscope.org.ua/index.php/journal
288	https://sophia.knu.ua/index.php/index/	https://sophia.knu.ua/index.php/sophia
289	https://sportedu.org.ua/index.php/index/	https://sportedu.org.ua/index.php/PES
290	https://sportpedagogy.org.ua/index.php/index/	https://sportpedagogy.org.ua/index.php/ppcs
291	https://sportvisnyk.eenu.edu.ua/index.php/index/	https://sportvisnyk.vnu.edu.ua/index.php/sportvisnyk
292	https://sport.vnu.edu.ua/index.php/index/	https://sport.vnu.edu.ua/index.php/sport
293	https://spp.org.ua/index.php/index/	https://spp.org.ua/index.php/journal
294	https://spppc.com.ua/index.php/index/	https://spppc.com.ua/index.php/journal
295	http://sssppj.org/index.php/index/	http://sssppj.org/index.php/ssj
296	https://steppeforestry.dp.ua/index.php/index/	https://steppeforestry.dp.ua/index.php/vsllr
297	https://st-journal.com/index.php/index/	https://st-journal.com/index.php/journal
298	https://stmkvb.vntu.edu.ua/index.php/index/	https://stmkvb.vntu.edu.ua/index.php/stmkvb
299	https://stroyjurnal-asa.ru/index.php/index/	https://stroyjurnal-asa.ru/index.php/asa
300	https://sts-journal.spacecenter.gov.ua/index.php/index/	NA
301	https://studiamethodologica.com/index.php/index/	https://studiamethodologica.com/index.php/journal
302	https://studiap.kubg.edu.ua/index.php/index/	NA
303	https://syniutajournals.com/index.php/index/	https://syniutajournals.com/index.php/index/
304	https://synopsis.kubg.edu.ua/index.php/index/	NA
305	https://tdjournal.org/index.php/index/	https://tdjournal.org/index.php/index/
306	https://tractatus.sumdu.edu.ua/index.php/index/	https://tractatus.sumdu.edu.ua/index.php/journal
307	https://tribology.khnu.km.ua/index.php/index/	https://tribology.khnu.km.ua/index.php/ProbTrib
308	http://striy.org.ua/index.php/index/	http://striy.org.ua/index.php/index/
309	https://uars.info/index.php/index/	https://uars.info/index.php/index/
310	https://ucj.org.ua/index.php/index/	https://ucj.org.ua/index.php/journal
311	https://uesit.org.ua/index.php/index/	https://uesit.org.ua/index.php/itse
312	https://ujmh.net/index.php/index/	https://ujmh.net/index.php/journal
313	https://ujmm.org.ua/index.php/index/	https://ujmm.org.ua/index.php/journal
314	https://ujp.bitp.kiev.ua/index.php/index/	https://ujp.bitp.kiev.ua/index.php/ujp
315	https://ujvas.com.ua/index.php/index/	https://ujvas.com.ua/index.php/journal
316	https://uk.e-medjournal.com/index.php/index/	https://uk.e-medjournal.com/index.php/psp
317	https://ukralmanac.knu.ua/index.php/index/	https://ukralmanac.knu.ua/index.php/ua
318	https://ukroj.com/index.php/index/	https://ukroj.com/index.php/journal
319	https://ukrsense.dp.ua/index.php/index/	https://ukrsense.dp.ua/index.php/USENSE
320	https://ul-journal.org/index.php/index/	https://ul-journal.org/index.php/journal
321	https://unesco-journal.com.ua/index.php/index/	https://unesco-journal.com.ua/index.php/journal
322	https://unz.univer.km.ua/	https://unz.univer.km.ua/index
323	https://uvr.in.ua/index.php/index/	https://uvr.in.ua/index.php/uvr
324	https://vegetables-journal.com/index.php/index/	https://vegetables-journal.com/index.php/journal
325	https://ve.org.ua/index.php/index/	https://ve.org.ua/index.php/journal
326	https://vestnikdnu.dp.ua/index.php/index/	https://vestnikdnu.dp.ua/index.php/ifnit
327	https://vestnmath.dnu.dp.ua/index.php/index/	https://vestnmath.dnu.dp.ua/index.php/rim
328	https://visnukpfs.dp.ua/index.php/index/	https://visnukpfs.dp.ua/index.php/PFS
329	https://visnuk.ubs.edu.ua/index.php/index/	https://visnuk.ubs.edu.ua/index.php/index/
330	https://visnyk.naps.gov.ua/index.php/index/	https://visnyk.naps.gov.ua/index.php/journal
331	https://visnykpau.com/index.php/index/	https://visnykpau.com/index.php/journal
332	https://visnyk.soch.robota.knu.ua/index.php/index/	https://visnyk.soch.robota.knu.ua/index.php/journal
333	https://visnyk.uaot.com.ua/index.php/index/	https://visnyk.uaot.com.ua/index.php/journal
334	https://visnyk-umsa.com.ua/index.php/index/	https://visnyk-umsa.com.ua/index.php/journal
335	https://visnyk.vntu.edu.ua/index.php/index/	https://visnyk.vntu.edu.ua/index.php/visnyk
336	https://vmt.vntu.edu.ua/index.php/index/	https://vmt.vntu.edu.ua/index.php/vmt
337	https://volyntext.vnu.edu.ua/index.php/index/	https://volyntext.vnu.edu.ua/index.php/volyntext
338	https://vspu.net/fks/index.php/index/	NA
339	https://www.apsijournal.com/index.php/index/	https://www.apsijournal.com/index.php/psyjournal
340	https://www.daemmt.odesa.ua/index.php/index/	https://www.daemmt.odesa.ua/index.php/daemmt
341	https://www.dentalexpert.com.ua/index.php/index/	https://www.dentalexpert.com.ua/index.php/stomatology
342	https://www.econa.org.ua/index.php/index/	https://www.econa.org.ua/index.php/econa
343	https://www.hst-journal.com/index.php/index/	https://www.hst-journal.com/index.php/hst
344	https://www.journalbeekeeping.com.ua/index.php/index/	https://www.journalbeekeeping.com.ua/index.php/1_4
345	https://www.scilook.eu/index.php/index/	https://www.scilook.eu/index.php/slif
346	https://www.shdisj.com/index.php/index/	https://www.shdisj.com/index.php/index/
347	https://www.tmfv.org/index.php/index/	https://www.tmfv.org/index.php/index/
348	https://zbirnik.mixmd.edu.ua/index/	https://zbirnik.mixmd.edu.ua/index/
349	http://technicalnews.net.ua/index.php/index/	http://technicalnews.net.ua/index.php/tn
350	http://technological-systems.com/index.php/index/	http://technological-systems.com/index.php/Home
351	http://tit.dut.edu.ua/index.php/index/	http://tit.dut.edu.ua/index.php/telecommunication
352	http://tlaw.nlu.edu.ua/	http://tlaw.nlu.edu.ua/
353	http://tnv-econom.ksauniv.ks.ua/index.php/index/	http://tnv-econom.ksauniv.ks.ua/index.php/journal
354	http://tovvisnik.lutsk-ntu.com.ua/index.php/index/	http://tovvisnik.lutsk-ntu.com.ua/index.php/tovvisnik
355	http://trim.imath.kiev.ua/index.php/index/	https://trim.imath.kiev.ua/index.php/trim
356	http://ts.khntusg.com.ua/index.php/index/	http://ts.khntusg.com.ua/index.php/ts
357	http://tst.duit.edu.ua/index.php/index/	https://tst.duit.in.ua/index.php/tst
358	http://ubphj.nuph.edu.ua/	http://ubphj.nuph.edu.ua/
359	http://ucardioj.com.ua/index.php/index/	http://ucardioj.com.ua/index.php/UJC
360	http://ucpm.rv.ua/index.php/index/	http://ucpm.rv.ua/index.php/index/
361	http://uekj.nuph.edu.ua/	http://uekj.nuph.edu.ua/
362	http://uha.dp.ua/index.php/index/	http://uha.dp.ua/index.php/UHA
363	http://uhmj.org.ua/index.php/index/	http://uhmj.org.ua/index.php/journal
364	http://ukrinfospace.knukim.edu.ua/	http://ukrinfospace.knukim.edu.ua/
365	http://ukr.journal-discourse.com/index.php/index/	http://ukr.journal-discourse.com/index.php/ed_2017
366	http://umj.imath.kiev.ua/index.php/index/	http://umj.imath.kiev.ua/index.php/umj
367	http://vestnik.econri.org/vestnik/index.php/index/	http://vestnik.econri.org/vestnik/index.php/vestnik
368	http://visnyk.idgu.edu.ua/index.php/index/	http://visnyk.idgu.edu.ua/index.php/index/
369	http://visnykj.wunu.edu.ua/index.php/index/	http://visnykj.wunu.edu.ua/index.php/visnykj
370	http://visnyk.nmiu.org/index.php/index/	http://visnyk.nmiu.org/index.php/nv
371	http://visnyk.nuwm.edu.ua/index.php/index/	http://visnyk.nuwm.edu.ua/index.php/index/
372	http://visnyk.onmu.odessa.ua/index.php/index/	http://visnyk.onmu.odessa.ua/index.php/1
373	http://visnyk.pgasa.dp.ua/	http://visnyk.pgasa.dp.ua/
374	http://vt.duit.edu.ua/index.php/index/	https://vt.duit.in.ua/index.php/home
375	http://www.hsuf-journal.com.ua/index.php/index/	http://www.hsuf-journal.com.ua/index.php/hsuf
376	http://www.lukomor.mosk.mksat.net/index.php/index/	http://www.lukomor.mosk.mksat.net/index.php/lukomor
377	http://www.plantintroduction.org/index.php/index/	http://www.plantintroduction.org/index.php/pi
378	http://www.zhu.edu.ua/journal_cpu/index.php/index/	NA
379	http://yuv.onua.edu.ua/index.php/index/	http://yuv.onua.edu.ua/index.php/yuv
380	http://zkr.ipp.gov.ua/index.php/index/	http://zkr.ipp.gov.ua/index.php/journal
